,tasks,qnli_accuracy,mnli_accuracy
0,qnli,0.9311733479773019,
1,mnli,,0.8548140601120734
2,mnli qnli,,0.8231278655119715
3,mnli qnli,0.7836353651839648,
