,tasks,qnli_accuracy,mnli_accuracy
0,mnli,,0.8548140601120734
1,mnli qnli,0.8293977667948014,0.782475802343352
2,qnli,0.9311733479773019,
